Experience,Education,Job_Level,Age,Salary
1,Bachelor's,Entry,22,320000
2,Bachelor's,Entry,24,380000
3,Bachelor's,Mid,26,480000
4,Bachelor's,Mid,28,560000
5,Master's,Mid,30,680000
6,Master's,Mid,32,760000
7,Master's,Senior,34,900000
8,Master's,Senior,36,1050000
10,PhD,Senior,40,1350000
12,PhD,Manager,43,1650000
2,Master's,Entry,25,420000
4,Master's,Mid,29,620000
6,Bachelor's,Mid,31,700000
9,Master's,Senior,37,1100000
11,PhD,Manager,45,1750000
3,Bachelor's,Entry,25,430000
5,Bachelor's,Mid,29,590000
8,Master's,Senior,35,980000
10,Master's,Manager,40,1400000
14,PhD,Manager,48,1900000
